,name,imnumber,mean,median,variance,skew,kurtosis
0,outputs/tmp_0005_median.npy,0.0,2.30511733881,2.0,3.3598507215,11.7734919281,108.110445475
1,outputs/tmp_0006_median.npy,1.0,2.25935465858,2.0,3.33874898388,24.0058819598,1336.13549981
2,outputs/tmp_0007_median.npy,2.0,2.72525370111,2.0,5.43575795304,31.5396570813,571.863191734
3,outputs/tmp_0008_median.npy,3.0,2.23525641517,2.0,3.11312145285,10.1866485487,83.3744878728
4,outputs/tmp_0009_median.npy,4.0,2.2845385376,2.0,3.34935039119,12.0167158684,106.455164932
